id,categories
174430,"Economic,Negotiation,Political,Abstract Strategy,Ancient,Medieval"
161936,"Economic,Negotiation,Political,Civilization,Nautical,Exploration,Abstract Strategy,Medieval"
224517,"Card Game,Fantasy,Ancient,Economic,Territory Building,Negotiation,Political,Abstract Strategy"
167791,"Economic,Negotiation,Political,Civilization,Nautical,Abstract Strategy,Exploration"
291457,"Card Game,Fantasy,Exploration,Economic,Negotiation,Political,Ancient,Territory Building,Abstract Strategy"
233078,"Card Game,Fantasy,Abstract Strategy,Medieval,Civilization"
220308,"Card Game,Fantasy,Abstract Strategy,Medieval,Civilization"
187645,"Economic,Negotiation,Political,Civilization,Fantasy,Abstract Strategy,Nautical,Ancient,Territory Building"
182028,"Economic,Negotiation,Political,Civilization,Fantasy,Card Game"
193738,"Economic,Negotiation,Political,Exploration,Abstract Strategy,Medieval,Civilization,Fantasy"
162886,"Economic,Negotiation,Political,Civilization,Nautical,Card Game,Fantasy"
12333,"Economic,Negotiation,Political,Card Game,Fantasy,Abstract Strategy,Medieval"
115746,"Economic,Negotiation,Political,Territory Building,Abstract Strategy,Ancient,Civilization,Nautical"
169786,"Economic,Negotiation,Political,Civilization,Nautical,Exploration,Abstract Strategy,Fantasy"
84876,"Civilization,Fantasy,Ancient,Abstract Strategy,Nautical"
173346,"Economic,Negotiation,Political,Abstract Strategy,Medieval,Ancient,Civilization,Nautical"
120677,"Economic,Negotiation,Political,Card Game,Fantasy,Civilization,Nautical,Abstract Strategy"
124361,"Economic,Negotiation,Political,Card Game,Fantasy,Ancient,Abstract Strategy,Medieval,Civilization,Nautical"
28720,"Card Game,Fantasy,Civilization,Abstract Strategy"
266192,"Card Game,Fantasy,Civilization,Nautical,Economic,Negotiation,Political,Exploration"
167355,"Economic,Negotiation,Political,Civilization,Nautical,Abstract Strategy,Medieval,Territory Building"
177736,"Economic,Negotiation,Political,Abstract Strategy,Medieval,Civilization,Nautical"
205637,"Card Game,Fantasy,Economic,Territory Building,Civilization,Nautical,Abstract Strategy,Medieval"
183394,"Economic,Negotiation,Political,Civilization,Fantasy,Abstract Strategy,Medieval,Exploration,Ancient"
164928,"Economic,Negotiation,Political,Civilization,Nautical,Ancient,Exploration,Card Game,Fantasy"
96848,"Exploration,Civilization,Nautical,Fantasy,Ancient"
237182,"Card Game,Fantasy,Abstract Strategy,Medieval,Economic,Negotiation,Political,Civilization"
199792,"Economic,Negotiation,Political,Exploration,Abstract Strategy,Card Game,Fantasy"
3076,"Abstract Strategy,Medieval,Civilization,Nautical"
102794,"Economic,Negotiation,Political,Card Game,Fantasy,Abstract Strategy,Exploration,Ancient"
175914,"Economic,Negotiation,Political,Abstract Strategy,Territory Building,Exploration,Ancient"
31260,"Abstract Strategy,Medieval,Economic,Negotiation,Political,Card Game,Fantasy,Civilization,Nautical"
170216,"Economic,Negotiation,Political,Abstract Strategy,Card Game,Fantasy,Civilization,Nautical"
205059,"Card Game,Fantasy,Economic,Territory Building,Exploration"
221107,"Card Game,Fantasy,Economic,Negotiation,Political,Abstract Strategy"
276025,"Card Game,Fantasy,Abstract Strategy,Civilization,Nautical,Economic,Territory Building"
316554,"Abstract Strategy,Medieval,Economic,Negotiation,Political,Civilization,Nautical,Territory Building,Ancient"
285774,"Card Game,Fantasy,Civilization,Economic,Territory Building,Abstract Strategy,Ancient"
180263,"Economic,Negotiation,Political,Civilization,Fantasy,Card Game,Nautical,Abstract Strategy,Medieval"
284083,"Card Game,Fantasy,Civilization,Ancient,Abstract Strategy,Medieval"
192135,"Economic,Negotiation,Political,Exploration,Card Game,Fantasy,Abstract Strategy,Medieval,Territory Building"
266507,"Card Game,Fantasy,Civilization,Nautical,Economic,Territory Building,Abstract Strategy"
247763,"Card Game,Fantasy,Ancient,Abstract Strategy,Civilization,Nautical,Medieval"
55690,"Economic,Territory Building,Civilization,Nautical,Exploration"
126163,"Economic,Negotiation,Political,Card Game,Fantasy,Civilization,Nautical,Abstract Strategy,Medieval"
2651,"Card Game,Fantasy,Civilization,Nautical,Economic,Territory Building,Negotiation,Political"
185343,"Economic,Negotiation,Political,Civilization,Fantasy,Territory Building,Abstract Strategy,Medieval,Ancient"
209010,"Card Game,Fantasy,Exploration,Economic,Negotiation,Political"
164153,"Economic,Negotiation,Political,Civilization,Nautical,Ancient,Territory Building,Abstract Strategy,Medieval"
216132,"Card Game,Fantasy,Economic,Negotiation,Political,Civilization,Nautical,Abstract Strategy,Medieval"
251247,"Card Game,Fantasy,Economic,Territory Building,Negotiation,Political,Ancient,Abstract Strategy"
35677,"Abstract Strategy,Medieval,Economic,Territory Building,Civilization,Nautical"
230802,"Card Game,Fantasy,Abstract Strategy,Medieval,Civilization"
184267,"Economic,Negotiation,Political,Civilization,Fantasy,Ancient,Card Game,Nautical,Abstract Strategy"
72125,"Abstract Strategy,Card Game,Fantasy,Economic,Negotiation,Political,Territory Building"
312484,"Abstract Strategy,Medieval,Economic,Negotiation,Political,Card Game,Fantasy,Ancient,Civilization"
25613,"Card Game,Fantasy,Economic,Territory Building,Civilization,Nautical,Negotiation,Political,Abstract Strategy,Medieval"
125153,"Economic,Negotiation,Political,Card Game,Fantasy,Territory Building,Abstract Strategy,Medieval"
256960,"Card Game,Fantasy,Economic,Territory Building,Civilization,Nautical,Exploration"
124742,"Economic,Negotiation,Political,Card Game,Fantasy,Ancient,Abstract Strategy"
191189,"Economic,Negotiation,Political,Exploration,Civilization,Fantasy"
161533,"Economic,Negotiation,Political,Civilization,Nautical,Territory Building,Abstract Strategy,Medieval"
121921,"Economic,Negotiation,Political,Card Game,Fantasy,Exploration"
159675,"Economic,Negotiation,Political,Territory Building,Exploration,Civilization,Nautical,Abstract Strategy"
521,"Economic,Territory Building,Card Game,Fantasy,Negotiation,Political"
244521,"Card Game,Fantasy,Ancient,Economic,Territory Building,Negotiation,Political"
171623,"Economic,Negotiation,Political,Abstract Strategy,Civilization,Nautical,Card Game,Fantasy,Medieval"
28143,"Card Game,Fantasy,Civilization,Economic,Negotiation,Political,Ancient,Abstract Strategy,Medieval"
266810,"Card Game,Fantasy,Civilization,Nautical,Economic,Negotiation,Political"
229853,"Card Game,Fantasy,Exploration,Civilization,Economic,Territory Building,Abstract Strategy,Medieval"
246900,"Card Game,Fantasy,Ancient,Civilization,Nautical,Exploration"
201808,"Card Game,Fantasy,Economic,Negotiation,Political,Civilization"
68448,"Civilization,Nautical,Fantasy,Ancient"
157354,"Economic,Negotiation,Political,Territory Building,Abstract Strategy,Medieval,Ancient"
62219,"Civilization,Nautical,Card Game,Fantasy,Economic,Negotiation,Political,Exploration"
110327,"Economic,Negotiation,Political,Abstract Strategy,Medieval,Card Game,Fantasy"
200680,"Card Game,Fantasy,Civilization,Nautical"
122515,"Economic,Negotiation,Political,Card Game,Fantasy,Territory Building"
264220,"Card Game,Fantasy,Civilization,Nautical,Ancient"
236457,"Card Game,Fantasy,Abstract Strategy,Medieval,Civilization,Nautical,Ancient,Economic,Territory Building"
18602,"Economic,Negotiation,Political,Civilization,Fantasy,Nautical,Card Game"
93,"Exploration,Abstract Strategy,Medieval"
182874,"Economic,Negotiation,Political,Civilization,Fantasy,Card Game,Abstract Strategy,Ancient"
12493,"Economic,Negotiation,Political,Card Game,Fantasy,Ancient,Exploration,Abstract Strategy,Medieval"
37111,"Abstract Strategy,Medieval,Economic,Negotiation,Political"
146021,"Economic,Negotiation,Political,Ancient,Civilization,Nautical,Card Game,Fantasy"
73439,"Abstract Strategy,Medieval,Ancient,Exploration"
172386,"Economic,Negotiation,Political,Abstract Strategy,Card Game,Fantasy,Medieval,Civilization,Nautical"
40834,"Ancient,Civilization,Fantasy,Abstract Strategy,Medieval"
205896,"Card Game,Fantasy,Economic,Territory Building,Civilization,Exploration,Nautical"
269385,"Card Game,Fantasy,Civilization,Nautical,Exploration,Abstract Strategy,Medieval,Economic,Territory Building"
163412,"Economic,Negotiation,Political,Civilization,Nautical,Abstract Strategy,Medieval,Ancient,Card Game,Fantasy"
170042,"Economic,Negotiation,Political,Abstract Strategy,Ancient,Card Game,Fantasy"
144733,"Economic,Negotiation,Political,Ancient,Abstract Strategy,Medieval"
42,"Ancient,Card Game,Fantasy"
203993,"Card Game,Fantasy,Abstract Strategy,Medieval,Exploration"
281259,"Card Game,Fantasy,Civilization,Economic,Negotiation,Political,Territory Building,Exploration"
178900,"Economic,Negotiation,Political,Abstract Strategy,Civilization,Fantasy,Exploration"
102680,"Economic,Negotiation,Political,Card Game,Fantasy,Civilization,Nautical"
132531,"Economic,Negotiation,Political,Abstract Strategy,Medieval,Card Game,Fantasy,Territory Building"
225694,"Card Game,Fantasy,Economic,Territory Building,Civilization,Nautical,Exploration,Ancient"
36218,"Abstract Strategy,Medieval,Civilization,Nautical,Card Game,Fantasy,Economic,Negotiation,Political"
2511,"Card Game,Fantasy,Economic,Territory Building,Negotiation,Political"
30549,"Abstract Strategy,Medieval,Economic,Territory Building,Ancient,Exploration"
155821,"Economic,Negotiation,Political,Territory Building,Civilization,Fantasy,Card Game"
198928,"Economic,Negotiation,Political,Exploration,Civilization,Fantasy,Card Game"
172287,"Economic,Negotiation,Political,Abstract Strategy,Card Game,Fantasy,Civilization"
233371,"Card Game,Fantasy,Abstract Strategy,Medieval,Economic,Negotiation,Political"
196340,"Economic,Negotiation,Political,Exploration,Civilization,Nautical,Abstract Strategy,Medieval,Ancient"
127023,"Economic,Negotiation,Political,Card Game,Fantasy,Abstract Strategy,Medieval"
175155,"Economic,Negotiation,Political,Abstract Strategy,Territory Building"
266524,"Card Game,Fantasy,Civilization,Nautical,Economic,Territory Building,Ancient"
175640,"Economic,Negotiation,Political,Abstract Strategy,Territory Building,Civilization,Nautical,Ancient"
263918,"Card Game,Fantasy,Civilization,Nautical,Abstract Strategy,Medieval,Exploration,Economic,Negotiation,Political"
161970,"Economic,Negotiation,Political,Civilization,Nautical,Exploration,Abstract Strategy"
103885,"Economic,Negotiation,Political,Abstract Strategy,Medieval,Civilization,Fantasy,Territory Building"
146652,"Economic,Negotiation,Political,Ancient,Civilization,Nautical,Territory Building,Card Game,Fantasy"
34635,"Abstract Strategy,Medieval,Ancient,Civilization,Nautical,Economic,Territory Building"
218417,"Card Game,Fantasy,Economic,Negotiation,Political,Civilization,Ancient,Abstract Strategy"
262712,"Card Game,Fantasy,Civilization,Nautical,Abstract Strategy,Economic,Negotiation,Political"
233398,"Card Game,Fantasy,Abstract Strategy,Medieval,Exploration,Civilization"
147020,"Economic,Negotiation,Political,Ancient,Abstract Strategy,Card Game,Fantasy"
4098,"Ancient,Exploration,Civilization,Fantasy"
163068,"Economic,Negotiation,Political,Civilization,Nautical,Abstract Strategy,Medieval,Fantasy"
104162,"Economic,Negotiation,Political,Ancient,Civilization,Nautical,Card Game,Fantasy"
118048,"Economic,Negotiation,Political,Civilization,Fantasy,Ancient"
14996,"Economic,Negotiation,Political,Ancient,Exploration,Civilization,Nautical"
148949,"Economic,Negotiation,Political,Ancient,Civilization,Fantasy,Exploration"
233867,"Card Game,Fantasy,Abstract Strategy,Medieval,Civilization,Nautical"
150376,"Economic,Negotiation,Political,Territory Building,Abstract Strategy,Medieval,Civilization,Nautical"
43111,"Ancient,Abstract Strategy,Medieval,Economic,Negotiation,Political"
244522,"Card Game,Fantasy,Ancient,Economic,Territory Building"
9609,"Exploration,Civilization,Nautical"
43015,"Ancient,Abstract Strategy,Medieval,Economic,Negotiation,Political,Territory Building"
271324,"Card Game,Fantasy,Abstract Strategy,Economic,Negotiation,Political,Medieval,Ancient"
77423,"Abstract Strategy,Ancient,Card Game,Fantasy,Medieval"
274364,"Card Game,Fantasy,Abstract Strategy,Ancient,Medieval,Civilization,Nautical"
314040,"Abstract Strategy,Medieval,Economic,Negotiation,Political,Ancient"
54043,"Economic,Territory Building,Ancient,Abstract Strategy,Medieval"
287954,"Card Game,Fantasy,Civilization,Abstract Strategy,Exploration,Economic,Territory Building,Ancient"
17133,"Economic,Negotiation,Political,Abstract Strategy,Medieval"
221194,"Card Game,Fantasy,Economic,Negotiation,Political,Exploration,Ancient"
128882,"Economic,Negotiation,Political,Card Game,Fantasy,Civilization"
253344,"Card Game,Fantasy,Economic,Territory Building,Abstract Strategy,Medieval,Ancient"
155426,"Economic,Negotiation,Political,Territory Building,Ancient,Card Game,Fantasy,Civilization,Nautical"
103343,"Economic,Negotiation,Political,Abstract Strategy,Medieval,Ancient"
82222,"Civilization,Fantasy,Card Game"
10630,"Economic,Negotiation,Political,Civilization,Nautical,Abstract Strategy,Medieval"
70149,"Abstract Strategy,Economic,Negotiation,Political,Ancient,Exploration"
220877,"Card Game,Fantasy,Civilization,Abstract Strategy"
188920,"Economic,Negotiation,Political,Civilization,Fantasy,Exploration,Card Game"
217372,"Card Game,Fantasy,Economic,Negotiation,Political,Abstract Strategy,Medieval"
39463,"Abstract Strategy,Medieval,Exploration,Ancient,Civilization,Nautical"
14105,"Economic,Negotiation,Political,Ancient,Territory Building"
199561,"Economic,Negotiation,Political,Exploration,Territory Building,Civilization,Nautical"
239188,"Card Game,Fantasy,Abstract Strategy,Medieval,Exploration,Economic,Negotiation,Political,Civilization"
463,"Ancient,Civilization,Nautical,Abstract Strategy,Medieval"
223321,"Card Game,Fantasy,Abstract Strategy,Medieval,Economic,Negotiation,Political"
254640,"Card Game,Fantasy,Economic,Territory Building,Ancient,Civilization,Nautical"
123260,"Economic,Negotiation,Political,Card Game,Fantasy,Abstract Strategy,Medieval,Civilization,Nautical"
195421,"Economic,Negotiation,Political,Exploration,Territory Building,Ancient,Card Game,Fantasy"
31627,"Abstract Strategy,Medieval,Economic,Negotiation,Political,Civilization,Nautical,Card Game,Fantasy"
126042,"Economic,Negotiation,Political,Card Game,Fantasy,Civilization,Nautical,Ancient"
25021,"Card Game,Fantasy,Economic,Territory Building,Negotiation,Political"
21050,"Card Game,Fantasy,Economic,Negotiation,Political,Territory Building"
104006,"Economic,Negotiation,Political,Ancient,Civilization,Nautical"
146508,"Economic,Negotiation,Political,Ancient,Civilization,Nautical,Territory Building,Fantasy"
171131,"Economic,Negotiation,Political,Abstract Strategy,Medieval"
91,"Exploration,Economic,Negotiation,Political"
224037,"Card Game,Fantasy,Ancient,Abstract Strategy,Medieval"
282524,"Card Game,Fantasy,Civilization,Economic,Territory Building,Ancient"
283948,"Card Game,Fantasy,Civilization,Abstract Strategy,Medieval,Exploration,Ancient"
182631,"Economic,Negotiation,Political,Civilization,Fantasy,Card Game,Nautical,Abstract Strategy,Medieval"
245638,"Card Game,Fantasy,Ancient,Economic,Territory Building,Civilization,Nautical,Abstract Strategy,Medieval"
148228,"Economic,Negotiation,Political,Ancient,Civilization,Fantasy,Card Game"
188,"Economic,Negotiation,Political,Civilization,Fantasy"
146886,"Economic,Negotiation,Political,Ancient,Civilization,Nautical,Fantasy"
215,"Card Game,Fantasy,Economic,Negotiation,Political,Territory Building"
194655,"Economic,Negotiation,Political,Exploration,Ancient,Civilization,Nautical,Territory Building"
9209,"Exploration,Card Game,Fantasy"
12,"Economic,Negotiation,Political,Card Game,Fantasy"
822,"Civilization,Fantasy,Card Game"
109276,"Economic,Negotiation,Political,Exploration,Card Game,Fantasy,Abstract Strategy,Civilization,Nautical"
176189,"Economic,Negotiation,Political,Abstract Strategy,Civilization,Nautical,Fantasy,Exploration"
129437,"Economic,Negotiation,Political,Card Game,Fantasy,Exploration,Ancient,Abstract Strategy,Medieval"
54998,"Economic,Territory Building,Ancient,Exploration,Civilization,Fantasy"
296151,"Card Game,Fantasy,Exploration,Civilization,Nautical,Economic,Negotiation,Political,Territory Building"
9216,"Exploration,Card Game,Fantasy,Economic,Negotiation,Political,Civilization,Nautical"
188834,"Economic,Negotiation,Political,Civilization,Fantasy,Abstract Strategy,Medieval,Ancient"
555,"Economic,Territory Building"
189932,"Economic,Negotiation,Political,Civilization,Fantasy,Exploration,Abstract Strategy,Medieval,Card Game"
155068,"Economic,Negotiation,Political,Territory Building,Civilization,Nautical,Fantasy"
7854,"Abstract Strategy,Civilization,Fantasy,Economic,Territory Building,Ancient"
256916,"Card Game,Fantasy,Economic,Territory Building,Civilization,Nautical,Exploration,Negotiation,Political"
192291,"Economic,Negotiation,Political,Exploration,Card Game,Fantasy"
169426,"Economic,Negotiation,Political,Civilization,Nautical,Exploration,Ancient,Card Game,Fantasy"
156129,"Economic,Negotiation,Political,Territory Building,Civilization,Nautical,Card Game,Fantasy,Exploration"
128621,"Economic,Negotiation,Political,Card Game,Fantasy,Civilization,Nautical"
283155,"Card Game,Fantasy,Civilization,Abstract Strategy,Medieval,Economic,Negotiation,Political,Territory Building"
232832,"Card Game,Fantasy,Abstract Strategy,Medieval,Civilization"
31481,"Abstract Strategy,Medieval,Economic,Negotiation,Political,Ancient,Civilization,Fantasy"
27833,"Card Game,Fantasy,Abstract Strategy,Civilization,Medieval"
242302,"Card Game,Fantasy,Ancient,Abstract Strategy,Medieval"
421,"Ancient,Card Game,Fantasy,Economic,Negotiation,Political"
20551,"Card Game,Fantasy,Economic,Territory Building,Negotiation,Political"
176494,"Economic,Negotiation,Political,Abstract Strategy,Civilization,Nautical,Ancient,Exploration"
199478,"Economic,Negotiation,Political,Exploration,Ancient,Abstract Strategy,Civilization,Fantasy"
265188,"Card Game,Fantasy,Civilization,Nautical,Economic,Territory Building,Negotiation,Political"
198994,"Economic,Negotiation,Political,Exploration,Civilization,Fantasy,Ancient"
140620,"Economic,Negotiation,Political,Ancient,Civilization,Nautical,Card Game,Fantasy"
19857,"Economic,Negotiation,Political,Exploration,Civilization,Fantasy,Territory Building,Abstract Strategy"
158600,"Economic,Negotiation,Political,Territory Building,Civilization,Fantasy,Nautical"
268864,"Card Game,Fantasy,Civilization,Nautical,Ancient"
27708,"Card Game,Fantasy,Abstract Strategy,Civilization"
249259,"Card Game,Fantasy,Ancient,Exploration,Economic,Territory Building"
127060,"Economic,Negotiation,Political,Card Game,Fantasy,Abstract Strategy,Civilization,Nautical"
228341,"Card Game,Fantasy,Civilization,Abstract Strategy,Medieval,Ancient,Economic,Negotiation,Political"
155873,"Economic,Negotiation,Political,Territory Building,Civilization,Fantasy,Abstract Strategy,Medieval"
3,"Abstract Strategy,Medieval"
209418,"Card Game,Fantasy,Exploration,Ancient,Economic,Negotiation,Political,Civilization"
118,"Economic,Negotiation,Political,Civilization,Fantasy"
108745,"Economic,Negotiation,Political,Civilization,Fantasy,Abstract Strategy,Ancient,Territory Building"
24181,"Card Game,Fantasy,Ancient,Economic,Negotiation,Political,Civilization"
92828,"Exploration,Card Game,Fantasy,Civilization"
97207,"Exploration,Abstract Strategy,Card Game,Fantasy"
204583,"Card Game,Fantasy,Ancient,Economic,Territory Building,Civilization,Abstract Strategy,Medieval"
284378,"Card Game,Fantasy,Civilization,Ancient,Abstract Strategy,Medieval"
154203,"Economic,Negotiation,Political,Territory Building,Ancient,Card Game,Fantasy,Abstract Strategy,Medieval"
22545,"Card Game,Fantasy,Economic,Territory Building,Ancient"
241451,"Card Game,Fantasy,Ancient,Economic,Negotiation,Political,Territory Building"
144344,"Economic,Negotiation,Political,Ancient,Abstract Strategy,Medieval"
181279,"Economic,Negotiation,Political,Civilization,Fantasy,Card Game,Abstract Strategy,Exploration"
38453,"Abstract Strategy,Medieval,Civilization,Fantasy,Ancient,Economic,Territory Building"
760,"Abstract Strategy,Civilization,Nautical"
222509,"Card Game,Fantasy,Economic,Territory Building,Exploration"
286096,"Card Game,Fantasy,Civilization,Nautical,Exploration"
269207,"Card Game,Fantasy,Civilization,Nautical,Exploration,Abstract Strategy"
193037,"Economic,Negotiation,Political,Exploration,Abstract Strategy,Medieval"
176734,"Economic,Negotiation,Political,Abstract Strategy,Civilization,Nautical,Medieval,Ancient"
93260,"Exploration,Abstract Strategy,Medieval,Card Game,Fantasy,Civilization,Nautical"
66589,"Civilization,Nautical,Economic,Territory Building,Fantasy,Exploration"
203420,"Card Game,Fantasy,Abstract Strategy,Medieval,Ancient"
59294,"Economic,Territory Building,Exploration,Card Game,Fantasy,Ancient"
19777,"Economic,Negotiation,Political,Exploration,Abstract Strategy"
48726,"Ancient,Civilization,Fantasy,Abstract Strategy,Card Game,Nautical"
283355,"Card Game,Fantasy,Civilization,Abstract Strategy,Medieval,Economic,Territory Building"
308765,"Abstract Strategy,Medieval,Civilization,Fantasy,Nautical,Economic,Territory Building"
232405,"Card Game,Fantasy,Abstract Strategy,Medieval,Ancient,Economic,Territory Building"
224783,"Card Game,Fantasy,Ancient,Abstract Strategy,Civilization,Medieval"
54138,"Economic,Territory Building,Ancient,Negotiation,Political,Abstract Strategy,Medieval,Civilization,Fantasy"
206718,"Card Game,Fantasy,Civilization,Nautical,Abstract Strategy,Economic,Negotiation,Political"
2655,"Card Game,Fantasy,Civilization,Nautical,Economic,Territory Building"
146439,"Economic,Negotiation,Political,Ancient,Civilization,Nautical,Abstract Strategy,Medieval,Exploration"
172081,"Economic,Negotiation,Political,Abstract Strategy,Card Game,Fantasy,Civilization"
13122,"Economic,Negotiation,Political,Abstract Strategy,Medieval,Card Game,Fantasy"
160477,"Economic,Negotiation,Political,Civilization,Nautical,Ancient,Abstract Strategy"
271896,"Card Game,Fantasy,Abstract Strategy,Economic,Negotiation,Political,Civilization,Exploration,Nautical"
234,"Card Game,Fantasy,Abstract Strategy,Medieval,Ancient"
139976,"Economic,Negotiation,Political,Abstract Strategy,Medieval,Exploration,Civilization,Nautical"
165722,"Economic,Negotiation,Political,Civilization,Nautical,Territory Building,Abstract Strategy,Card Game,Fantasy"
209685,"Card Game,Fantasy,Exploration,Civilization,Nautical,Economic,Territory Building"
187617,"Economic,Negotiation,Political,Civilization,Fantasy,Abstract Strategy,Nautical"
101721,"Economic,Negotiation,Political,Abstract Strategy,Card Game,Fantasy"
172818,"Economic,Negotiation,Political,Abstract Strategy,Card Game,Fantasy,Civilization"
40692,"Ancient,Civilization,Nautical,Exploration,Card Game,Fantasy"
45315,"Ancient,Economic,Territory Building,Abstract Strategy,Medieval,Negotiation,Political"
46213,"Ancient,Civilization,Nautical,Card Game,Fantasy,Economic,Negotiation,Political,Abstract Strategy,Medieval"
140934,"Economic,Negotiation,Political,Ancient,Exploration,Abstract Strategy,Medieval"
136888,"Economic,Negotiation,Political,Abstract Strategy,Medieval,Civilization,Nautical,Fantasy"
181304,"Economic,Negotiation,Political,Civilization,Fantasy,Abstract Strategy,Medieval,Ancient"
246784,"Card Game,Fantasy,Ancient,Civilization,Nautical,Abstract Strategy"
77130,"Abstract Strategy,Economic,Negotiation,Political,Medieval"
54,"Economic,Territory Building,Ancient"
163967,"Economic,Negotiation,Political,Civilization,Nautical,Abstract Strategy,Medieval,Exploration"
227789,"Card Game,Fantasy,Abstract Strategy,Civilization,Exploration"
59959,"Economic,Territory Building,Exploration"
271055,"Card Game,Fantasy,Abstract Strategy,Economic,Negotiation,Political,Territory Building"
25292,"Card Game,Fantasy,Economic,Territory Building,Exploration"
41114,"Ancient,Economic,Negotiation,Political"
5,"Economic,Territory Building"
143693,"Economic,Negotiation,Political,Ancient,Abstract Strategy,Medieval,Civilization,Nautical,Exploration"
176920,"Economic,Negotiation,Political,Abstract Strategy,Civilization,Nautical,Exploration,Card Game,Fantasy"
37046,"Abstract Strategy,Medieval,Ancient,Civilization,Nautical"
163745,"Economic,Negotiation,Political,Civilization,Nautical,Abstract Strategy,Medieval,Ancient,Territory Building"
39856,"Abstract Strategy,Medieval,Exploration,Civilization,Fantasy,Economic,Territory Building,Nautical"
129622,"Economic,Negotiation,Political,Card Game,Fantasy,Exploration,Civilization,Nautical"
21241,"Card Game,Fantasy,Economic,Negotiation,Political,Ancient"
70919,"Abstract Strategy,Exploration,Economic,Negotiation,Political"
235802,"Card Game,Fantasy,Abstract Strategy,Medieval,Economic,Territory Building,Civilization"
2653,"Card Game,Fantasy,Civilization,Nautical,Economic,Territory Building,Abstract Strategy,Medieval"
119890,"Economic,Negotiation,Political,Exploration,Civilization,Fantasy"
317985,"Abstract Strategy,Medieval,Economic,Negotiation,Political,Exploration,Civilization,Fantasy,Territory Building"
17392,"Economic,Negotiation,Political,Abstract Strategy,Medieval,Exploration,Card Game,Fantasy"
182134,"Economic,Negotiation,Political,Civilization,Fantasy,Card Game,Abstract Strategy,Medieval,Ancient"
234487,"Card Game,Fantasy,Abstract Strategy,Medieval,Ancient,Civilization"
199042,"Economic,Negotiation,Political,Exploration,Ancient,Card Game,Fantasy"
219513,"Card Game,Fantasy,Economic,Negotiation,Political,Exploration,Territory Building,Abstract Strategy,Medieval"
192458,"Economic,Negotiation,Political,Exploration,Card Game,Fantasy,Ancient,Territory Building,Civilization"
8217,"Civilization,Fantasy,Card Game,Economic,Negotiation,Political,Abstract Strategy"
1,"Economic,Negotiation,Political"
25554,"Card Game,Fantasy,Economic,Territory Building,Ancient"
257499,"Card Game,Fantasy,Economic,Territory Building,Abstract Strategy,Ancient,Exploration"
172,"Economic,Negotiation,Political,Abstract Strategy,Card Game,Fantasy"
184921,"Economic,Negotiation,Political,Civilization,Fantasy,Ancient,Exploration,Card Game"
39683,"Abstract Strategy,Medieval,Exploration,Civilization,Nautical,Fantasy"
306735,"Abstract Strategy,Medieval,Civilization,Nautical,Economic,Territory Building"
24480,"Card Game,Fantasy,Ancient,Civilization"
33160,"Abstract Strategy,Medieval,Economic,Negotiation,Political,Civilization,Nautical"
90137,"Exploration,Economic,Negotiation,Political,Abstract Strategy,Medieval"
186751,"Economic,Negotiation,Political,Civilization,Fantasy,Nautical,Abstract Strategy,Territory Building"
31594,"Abstract Strategy,Medieval,Economic,Negotiation,Political,Territory Building,Exploration,Ancient"
144592,"Economic,Negotiation,Political,Ancient,Territory Building,Exploration,Card Game,Fantasy"
9217,"Exploration,Card Game,Fantasy,Economic,Negotiation,Political,Abstract Strategy"
250458,"Card Game,Fantasy,Economic,Territory Building,Ancient,Civilization"
204305,"Card Game,Fantasy,Ancient,Abstract Strategy,Medieval,Economic,Territory Building"
36932,"Abstract Strategy,Medieval,Civilization,Nautical,Exploration,Card Game,Fantasy"
246192,"Card Game,Fantasy,Ancient,Civilization,Nautical,Economic,Negotiation,Political,Exploration"
21348,"Card Game,Fantasy,Economic,Negotiation,Political,Abstract Strategy,Medieval,Ancient,Civilization"
265736,"Card Game,Fantasy,Civilization,Nautical,Economic,Territory Building,Abstract Strategy,Medieval"
40765,"Ancient,Abstract Strategy,Civilization,Nautical,Economic,Territory Building"
50,"Economic,Territory Building"
70323,"Abstract Strategy,Medieval,Card Game,Fantasy"
256226,"Card Game,Fantasy,Economic,Territory Building,Civilization,Nautical"
154809,"Economic,Negotiation,Political,Territory Building,Ancient,Civilization,Fantasy,Exploration"
170771,"Economic,Negotiation,Political,Abstract Strategy"
71,"Abstract Strategy,Economic,Negotiation,Political"
121,"Economic,Negotiation,Political,Card Game,Fantasy"
274637,"Card Game,Fantasy,Abstract Strategy,Ancient,Civilization,Nautical,Medieval"
54625,"Economic,Territory Building,Ancient,Civilization,Nautical,Card Game,Fantasy"
166669,"Economic,Negotiation,Political,Civilization,Nautical,Exploration"
243,"Card Game,Fantasy,Ancient,Abstract Strategy,Medieval"
198773,"Economic,Negotiation,Political,Exploration,Civilization,Fantasy,Abstract Strategy,Medieval"
293014,"Card Game,Fantasy,Exploration,Abstract Strategy,Medieval,Economic,Negotiation,Political,Ancient"
63888,"Civilization,Nautical,Abstract Strategy,Medieval,Fantasy"
255984,"Card Game,Fantasy,Economic,Territory Building,Exploration,Civilization,Ancient"
124708,"Economic,Negotiation,Political,Card Game,Fantasy,Ancient,Abstract Strategy,Civilization"
156546,"Economic,Negotiation,Political,Territory Building,Civilization,Nautical,Ancient"
197376,"Economic,Negotiation,Political,Exploration,Abstract Strategy,Medieval,Civilization,Nautical"
234277,"Card Game,Fantasy,Abstract Strategy,Medieval,Ancient"
195539,"Economic,Negotiation,Political,Exploration,Territory Building,Abstract Strategy,Medieval"
318977,"Abstract Strategy,Medieval,Economic,Negotiation,Political,Civilization,Fantasy,Exploration"
231733,"Card Game,Fantasy,Abstract Strategy,Medieval,Economic,Negotiation,Political"
223040,"Card Game,Fantasy,Abstract Strategy,Medieval,Ancient"
15987,"Economic,Negotiation,Political,Territory Building,Exploration,Civilization,Fantasy,Abstract Strategy"
236191,"Card Game,Fantasy,Abstract Strategy,Medieval,Civilization,Nautical,Economic,Negotiation,Political,Exploration"
194594,"Economic,Negotiation,Political,Exploration,Ancient,Territory Building"
63628,"Civilization,Nautical,Abstract Strategy,Medieval,Card Game,Fantasy"
55670,"Economic,Territory Building,Civilization,Nautical,Abstract Strategy"
260605,"Card Game,Fantasy,Civilization,Nautical,Economic,Territory Building"
245934,"Card Game,Fantasy,Ancient,Economic,Territory Building,Exploration,Abstract Strategy,Medieval"
230253,"Card Game,Fantasy,Abstract Strategy,Medieval,Economic,Territory Building"
155987,"Economic,Negotiation,Political,Territory Building,Exploration,Civilization,Fantasy,Abstract Strategy"
66188,"Civilization,Nautical,Economic,Negotiation,Political,Fantasy"
40354,"Ancient,Abstract Strategy,Medieval,Economic,Territory Building"
161614,"Economic,Negotiation,Political,Civilization,Nautical,Ancient"
260428,"Card Game,Fantasy,Civilization,Nautical,Ancient"
15985,"Economic,Negotiation,Political,Territory Building,Exploration,Civilization,Fantasy"
244711,"Card Game,Fantasy,Ancient,Abstract Strategy,Economic,Negotiation,Political"
229220,"Card Game,Fantasy,Exploration"
302723,"Abstract Strategy,Medieval,Card Game,Fantasy"
138161,"Economic,Negotiation,Political,Abstract Strategy,Medieval,Civilization,Fantasy,Nautical"
188866,"Economic,Negotiation,Political,Civilization,Fantasy,Nautical"
100901,"Economic,Negotiation,Political,Exploration"
151347,"Economic,Negotiation,Political,Territory Building,Abstract Strategy,Medieval,Ancient"
128271,"Economic,Negotiation,Political,Card Game,Fantasy,Civilization,Abstract Strategy"
215341,"Card Game,Fantasy,Economic,Negotiation,Political,Territory Building,Abstract Strategy,Medieval,Ancient"
79828,"Abstract Strategy,Exploration,Civilization,Fantasy,Card Game"
297030,"Card Game,Fantasy,Exploration,Abstract Strategy,Medieval"
269210,"Card Game,Fantasy,Civilization,Nautical,Exploration,Economic,Negotiation,Political"
96913,"Exploration,Civilization,Nautical,Economic,Negotiation,Political,Abstract Strategy,Medieval"
244271,"Card Game,Fantasy,Ancient,Abstract Strategy,Economic,Negotiation,Political"
215311,"Card Game,Fantasy,Economic,Negotiation,Political,Territory Building,Abstract Strategy,Medieval"
47,"Ancient,Abstract Strategy"
66362,"Civilization,Nautical,Abstract Strategy,Medieval,Card Game,Fantasy"
295486,"Card Game,Fantasy,Exploration,Economic,Territory Building,Ancient,Civilization,Nautical"
176396,"Economic,Negotiation,Political,Abstract Strategy,Civilization,Nautical,Medieval,Exploration"
128671,"Economic,Negotiation,Political,Card Game,Fantasy,Civilization,Nautical,Abstract Strategy"
27162,"Card Game,Fantasy,Abstract Strategy,Economic,Negotiation,Political,Civilization,Nautical"
11170,"Economic,Negotiation,Political,Abstract Strategy"
111341,"Economic,Negotiation,Political,Abstract Strategy,Medieval,Ancient"
274960,"Card Game,Fantasy,Abstract Strategy,Ancient,Exploration,Civilization,Nautical"
105134,"Economic,Negotiation,Political,Territory Building,Abstract Strategy,Medieval,Ancient"
137408,"Economic,Negotiation,Political,Abstract Strategy,Medieval,Ancient,Civilization,Fantasy"
25417,"Card Game,Fantasy,Economic,Territory Building,Ancient,Negotiation,Political,Abstract Strategy"
150658,"Economic,Negotiation,Political,Territory Building,Civilization,Nautical,Fantasy"
34219,"Abstract Strategy,Medieval,Ancient,Card Game,Fantasy,Economic,Negotiation,Political,Exploration"
18833,"Economic,Negotiation,Political,Civilization,Fantasy,Abstract Strategy,Medieval"
192153,"Economic,Negotiation,Political,Exploration,Card Game,Fantasy,Territory Building,Abstract Strategy,Medieval"
270633,"Card Game,Fantasy,Abstract Strategy,Civilization,Nautical,Medieval"
92415,"Exploration,Card Game,Fantasy,Ancient,Economic,Negotiation,Political,Territory Building"
5404,"Economic,Territory Building,Ancient"
62222,"Civilization,Nautical,Card Game,Fantasy"
157969,"Economic,Negotiation,Political,Territory Building,Abstract Strategy,Exploration,Civilization,Nautical"
128996,"Economic,Negotiation,Political,Card Game,Fantasy,Civilization,Exploration,Nautical"
270844,"Card Game,Fantasy,Abstract Strategy,Civilization,Ancient"
712,"Abstract Strategy,Economic,Negotiation,Political,Card Game,Fantasy"
17226,"Economic,Negotiation,Political,Abstract Strategy,Card Game,Fantasy,Civilization,Nautical"
83330,"Civilization,Fantasy,Abstract Strategy,Medieval"
146791,"Economic,Negotiation,Political,Ancient,Civilization,Nautical,Abstract Strategy,Exploration"
136063,"Economic,Negotiation,Political,Abstract Strategy,Medieval,Civilization,Nautical"
123123,"Economic,Negotiation,Political,Card Game,Fantasy,Abstract Strategy,Medieval"
150,"Economic,Negotiation,Political,Territory Building"
177639,"Economic,Negotiation,Political,Abstract Strategy,Civilization,Nautical,Medieval,Exploration"
372,"Abstract Strategy,Medieval,Card Game,Fantasy"
194607,"Economic,Negotiation,Political,Exploration,Ancient,Civilization,Nautical,Abstract Strategy"
62227,"Civilization,Nautical,Card Game,Fantasy,Abstract Strategy"
95527,"Exploration,Economic,Territory Building,Card Game,Fantasy,Abstract Strategy"
162082,"Economic,Negotiation,Political,Civilization,Nautical,Card Game,Fantasy"
158899,"Economic,Negotiation,Political,Territory Building,Civilization,Fantasy,Exploration"
98778,"Exploration,Civilization,Fantasy,Abstract Strategy"
13,"Economic,Negotiation,Political,Abstract Strategy,Medieval"
65781,"Civilization,Nautical,Economic,Territory Building,Abstract Strategy,Fantasy,Negotiation,Political"
251658,"Card Game,Fantasy,Economic,Territory Building,Negotiation,Political,Civilization,Nautical"
105551,"Economic,Negotiation,Political,Territory Building"
233312,"Card Game,Fantasy,Abstract Strategy,Medieval,Economic,Negotiation,Political"
127398,"Economic,Negotiation,Political,Card Game,Fantasy,Abstract Strategy,Medieval,Exploration,Civilization"
119506,"Economic,Negotiation,Political,Exploration,Territory Building,Civilization,Nautical"
478,"Ancient,Abstract Strategy,Civilization,Fantasy"
15062,"Economic,Negotiation,Political,Territory Building,Civilization,Nautical,Card Game,Fantasy"
256730,"Card Game,Fantasy,Economic,Territory Building,Civilization,Nautical,Abstract Strategy,Medieval"
206941,"Card Game,Fantasy,Civilization,Nautical,Exploration,Ancient,Economic,Negotiation,Political"
97786,"Exploration,Abstract Strategy,Civilization,Fantasy,Nautical"
20437,"Card Game,Fantasy,Ancient,Abstract Strategy,Medieval"
144189,"Economic,Negotiation,Political,Ancient,Civilization,Fantasy,Exploration"
43570,"Ancient,Abstract Strategy,Medieval,Economic,Territory Building"
133848,"Economic,Negotiation,Political,Abstract Strategy,Medieval,Civilization,Fantasy,Ancient"
171668,"Economic,Negotiation,Political,Abstract Strategy,Civilization,Nautical,Fantasy"
221965,"Card Game,Fantasy,Economic,Negotiation,Political,Exploration,Civilization,Nautical,Territory Building"
191862,"Economic,Negotiation,Political,Exploration,Civilization,Fantasy,Nautical,Card Game"
102652,"Economic,Negotiation,Political,Card Game,Fantasy,Civilization,Nautical,Territory Building"
875,"Civilization,Fantasy,Abstract Strategy,Economic,Territory Building"
193042,"Economic,Negotiation,Political,Exploration,Abstract Strategy,Medieval,Ancient,Card Game,Fantasy"
300322,"Abstract Strategy,Medieval,Card Game,Fantasy"
240196,"Card Game,Fantasy,Ancient,Economic,Negotiation,Political,Exploration,Civilization,Nautical"
262543,"Card Game,Fantasy,Civilization,Nautical,Economic,Territory Building,Ancient,Abstract Strategy,Medieval"
147949,"Economic,Negotiation,Political,Ancient,Abstract Strategy,Exploration"
58421,"Economic,Territory Building,Civilization,Fantasy,Ancient,Card Game,Negotiation,Political"
304420,"Abstract Strategy,Medieval,Ancient,Card Game,Fantasy"
171,"Economic,Negotiation,Political,Abstract Strategy"
36553,"Abstract Strategy,Medieval,Civilization,Nautical,Economic,Territory Building"
226522,"Card Game,Fantasy,Civilization,Nautical,Economic,Territory Building"
125618,"Economic,Negotiation,Political,Card Game,Fantasy,Territory Building,Civilization,Nautical"
21790,"Card Game,Fantasy,Economic,Negotiation,Political,Abstract Strategy,Exploration"
90419,"Exploration,Ancient,Economic,Negotiation,Political"
142379,"Economic,Negotiation,Political,Ancient,Card Game,Fantasy,Abstract Strategy,Medieval,Exploration"
205398,"Card Game,Fantasy,Economic,Territory Building,Abstract Strategy,Medieval,Exploration,Civilization"
9674,"Exploration,Civilization,Nautical,Abstract Strategy,Ancient"
144797,"Economic,Negotiation,Political,Ancient,Abstract Strategy,Exploration"
232043,"Card Game,Fantasy,Abstract Strategy,Medieval,Ancient"
31999,"Abstract Strategy,Medieval,Economic,Negotiation,Political,Exploration"
163968,"Economic,Negotiation,Political,Civilization,Nautical,Abstract Strategy,Medieval,Exploration,Fantasy"
180974,"Economic,Negotiation,Political,Civilization,Fantasy,Exploration,Abstract Strategy,Ancient"
192836,"Economic,Negotiation,Political,Exploration,Card Game,Fantasy,Civilization,Abstract Strategy,Medieval,Nautical"
156858,"Economic,Negotiation,Political,Territory Building,Civilization,Nautical,Fantasy"
42052,"Ancient,Card Game,Fantasy,Economic,Territory Building"
27173,"Card Game,Fantasy,Abstract Strategy,Economic,Negotiation,Political,Medieval"
34119,"Abstract Strategy,Medieval,Ancient,Economic,Negotiation,Political,Exploration"
18,"Economic,Negotiation,Political,Civilization,Fantasy"
218603,"Card Game,Fantasy,Economic,Negotiation,Political,Civilization,Nautical,Abstract Strategy,Medieval"
279537,"Card Game,Fantasy,Abstract Strategy,Exploration,Economic,Territory Building,Medieval"
133473,"Economic,Negotiation,Political,Abstract Strategy,Medieval,Ancient"
11,"Economic,Negotiation,Political"
133038,"Economic,Negotiation,Political,Abstract Strategy,Medieval,Civilization,Fantasy"
12942,"Economic,Negotiation,Political,Card Game,Fantasy,Exploration,Ancient"
156009,"Economic,Negotiation,Political,Territory Building,Civilization,Nautical,Exploration"
97842,"Exploration,Abstract Strategy,Civilization,Fantasy,Ancient,Card Game"
245654,"Card Game,Fantasy,Ancient,Economic,Territory Building,Civilization,Nautical"
475,"Ancient,Abstract Strategy,Economic,Territory Building"
181530,"Economic,Negotiation,Political,Civilization,Fantasy,Territory Building,Abstract Strategy,Medieval"
17405,"Economic,Negotiation,Political,Abstract Strategy,Ancient,Territory Building"
183562,"Economic,Negotiation,Political,Civilization,Fantasy,Abstract Strategy,Medieval,Territory Building,Nautical,Card Game"
22827,"Card Game,Fantasy,Civilization,Abstract Strategy"
183251,"Economic,Negotiation,Political,Civilization,Fantasy,Abstract Strategy,Medieval,Card Game,Territory Building"
31730,"Abstract Strategy,Medieval,Economic,Negotiation,Political"
27746,"Card Game,Fantasy,Abstract Strategy,Ancient,Civilization,Nautical"
262215,"Card Game,Fantasy,Civilization,Nautical,Economic,Negotiation,Political,Territory Building"
3685,"Abstract Strategy,Medieval,Civilization,Nautical,Fantasy,Economic,Territory Building"
257501,"Card Game,Fantasy,Economic,Territory Building,Abstract Strategy,Negotiation,Political"
128780,"Economic,Negotiation,Political,Card Game,Fantasy,Civilization,Abstract Strategy"
141572,"Economic,Negotiation,Political,Ancient,Territory Building,Abstract Strategy,Card Game,Fantasy"
15363,"Economic,Negotiation,Political,Territory Building,Abstract Strategy,Medieval,Civilization,Nautical"
6249,"Civilization,Nautical,Card Game,Fantasy,Ancient,Exploration"
91312,"Exploration,Economic,Negotiation,Political,Abstract Strategy,Medieval,Card Game,Fantasy"
151022,"Economic,Negotiation,Political,Territory Building,Card Game,Fantasy"
269144,"Card Game,Fantasy,Civilization,Nautical,Exploration,Economic,Negotiation,Political,Ancient"
159508,"Economic,Negotiation,Political,Territory Building,Exploration,Civilization,Fantasy"
155703,"Economic,Negotiation,Political,Territory Building,Abstract Strategy,Medieval"
39351,"Abstract Strategy,Medieval,Exploration,Economic,Territory Building,Negotiation,Political"
160010,"Economic,Negotiation,Political,Civilization,Nautical"
2346,"Card Game,Fantasy,Abstract Strategy,Medieval,Ancient,Civilization,Nautical"
212445,"Card Game,Fantasy,Economic,Negotiation,Political,Ancient,Territory Building"
202426,"Card Game,Fantasy,Ancient,Civilization,Nautical"
6472,"Civilization,Nautical,Ancient,Abstract Strategy,Card Game,Fantasy"
232414,"Card Game,Fantasy,Abstract Strategy,Medieval,Ancient,Economic,Negotiation,Political"
153938,"Economic,Negotiation,Political,Territory Building,Abstract Strategy,Medieval,Exploration,Civilization,Fantasy"
245655,"Card Game,Fantasy,Ancient,Economic,Territory Building,Civilization,Nautical"
140603,"Economic,Negotiation,Political,Ancient,Civilization,Nautical,Abstract Strategy,Medieval"
205359,"Card Game,Fantasy,Economic,Territory Building,Abstract Strategy,Medieval,Exploration"
196326,"Economic,Negotiation,Political,Exploration,Civilization,Nautical,Abstract Strategy,Medieval,Card Game,Fantasy"
39938,"Abstract Strategy,Medieval,Exploration,Civilization,Fantasy"
169255,"Economic,Negotiation,Political,Civilization,Nautical,Exploration,Card Game,Fantasy,Territory Building"
84419,"Civilization,Fantasy,Ancient,Economic,Negotiation,Political,Exploration"
246684,"Card Game,Fantasy,Ancient,Civilization,Nautical"
113924,"Economic,Negotiation,Political,Abstract Strategy,Medieval,Exploration,Card Game,Fantasy,Ancient"
172308,"Economic,Negotiation,Political,Abstract Strategy,Card Game,Fantasy,Medieval,Civilization"
42776,"Ancient,Card Game,Fantasy,Abstract Strategy,Civilization,Nautical"
42215,"Ancient,Card Game,Fantasy,Economic,Negotiation,Political,Territory Building"
9625,"Exploration,Civilization,Nautical,Card Game,Fantasy,Economic,Territory Building"
4390,"Ancient,Abstract Strategy,Medieval,Exploration"
28023,"Card Game,Fantasy,Civilization,Abstract Strategy,Medieval"
73171,"Abstract Strategy,Medieval,Economic,Negotiation,Political"
143519,"Economic,Negotiation,Political,Ancient,Abstract Strategy,Medieval,Territory Building,Exploration"
503,"Economic,Territory Building,Abstract Strategy,Medieval"
119432,"Economic,Negotiation,Political,Exploration,Ancient,Abstract Strategy,Medieval,Card Game,Fantasy"
264241,"Card Game,Fantasy,Civilization,Nautical,Ancient,Economic,Negotiation,Political"
174785,"Economic,Negotiation,Political,Abstract Strategy,Ancient,Civilization,Fantasy,Territory Building"
117959,"Economic,Negotiation,Political,Abstract Strategy,Exploration,Territory Building"
131357,"Economic,Negotiation,Political,Abstract Strategy,Medieval,Territory Building"
1513,"Economic,Negotiation,Political,Territory Building,Abstract Strategy,Medieval"
294484,"Card Game,Fantasy,Exploration,Ancient,Civilization"
298047,"Card Game,Fantasy,Exploration,Civilization,Ancient,Abstract Strategy"
30869,"Abstract Strategy,Medieval,Civilization,Fantasy,Nautical,Exploration"
150145,"Economic,Negotiation,Political,Territory Building,Ancient"
209778,"Card Game,Fantasy,Exploration,Abstract Strategy,Civilization"
170561,"Economic,Negotiation,Political,Abstract Strategy,Territory Building,Civilization,Nautical"
300531,"Abstract Strategy,Medieval,Economic,Territory Building,Negotiation,Political"
163166,"Economic,Negotiation,Political,Civilization,Nautical,Abstract Strategy,Medieval"
121408,"Economic,Negotiation,Political,Card Game,Fantasy,Ancient,Civilization"
252328,"Card Game,Fantasy,Economic,Territory Building,Abstract Strategy,Medieval,Civilization"
24508,"Card Game,Fantasy,Ancient,Economic,Territory Building,Civilization"
150997,"Economic,Negotiation,Political,Territory Building,Exploration,Abstract Strategy"
216734,"Card Game,Fantasy,Economic,Negotiation,Political,Civilization,Nautical,Abstract Strategy,Medieval,Ancient"
58281,"Economic,Territory Building,Civilization,Fantasy,Card Game,Negotiation,Political"
130960,"Economic,Negotiation,Political,Abstract Strategy,Medieval,Exploration,Civilization,Nautical"
293141,"Card Game,Fantasy,Exploration,Abstract Strategy,Medieval,Economic,Negotiation,Political,Ancient"
10547,"Economic,Negotiation,Political,Territory Building,Ancient,Abstract Strategy"
180511,"Economic,Negotiation,Political,Civilization,Fantasy,Territory Building"
224710,"Card Game,Fantasy,Ancient,Abstract Strategy,Economic,Negotiation,Political"
37904,"Abstract Strategy,Medieval,Exploration,Ancient"
135219,"Economic,Negotiation,Political,Abstract Strategy,Medieval,Territory Building,Card Game,Fantasy,Exploration"
175095,"Economic,Negotiation,Political,Abstract Strategy,Territory Building,Exploration"
50750,"Economic,Territory Building,Abstract Strategy"
1353,"Economic,Negotiation,Political,Abstract Strategy,Medieval,Territory Building"
111799,"Economic,Negotiation,Political,Abstract Strategy,Exploration"
121288,"Economic,Negotiation,Political,Card Game,Fantasy,Civilization"
198953,"Economic,Negotiation,Political,Exploration,Civilization,Fantasy,Territory Building,Abstract Strategy,Medieval"
270673,"Card Game,Fantasy,Abstract Strategy,Civilization,Nautical,Medieval"
116998,"Economic,Negotiation,Political,Civilization,Nautical,Exploration,Fantasy"
262211,"Card Game,Fantasy,Civilization,Nautical,Economic,Negotiation,Political"
70512,"Abstract Strategy,Economic,Territory Building,Negotiation,Political,Card Game,Fantasy"
193949,"Economic,Negotiation,Political,Exploration,Abstract Strategy,Medieval,Ancient"
134726,"Economic,Negotiation,Political,Abstract Strategy,Medieval,Ancient,Card Game,Fantasy,Civilization,Nautical"
3201,"Abstract Strategy,Medieval,Card Game,Fantasy,Economic,Negotiation,Political"
21763,"Card Game,Fantasy,Economic,Negotiation,Political,Abstract Strategy,Civilization,Nautical,Medieval"
126792,"Economic,Negotiation,Political,Card Game,Fantasy,Civilization,Nautical,Abstract Strategy,Exploration"
65532,"Civilization,Nautical,Economic,Territory Building,Abstract Strategy,Medieval,Card Game,Fantasy"
46,"Ancient,Civilization,Nautical"
30380,"Abstract Strategy,Medieval,Civilization,Fantasy"
173064,"Economic,Negotiation,Political,Abstract Strategy,Medieval,Civilization,Nautical,Ancient"
256952,"Card Game,Fantasy,Economic,Territory Building,Civilization,Nautical,Exploration"
220,"Card Game,Fantasy"
5782,"Economic,Territory Building,Abstract Strategy,Civilization,Fantasy,Card Game"
88,"Civilization,Fantasy"
107529,"Economic,Negotiation,Political,Abstract Strategy,Territory Building,Card Game,Fantasy,Exploration"
160495,"Economic,Negotiation,Political,Civilization,Nautical,Ancient,Exploration,Territory Building"
181521,"Economic,Negotiation,Political,Civilization,Fantasy,Territory Building,Card Game"
155624,"Economic,Negotiation,Political,Territory Building,Civilization,Nautical,Card Game,Fantasy,Ancient"
13004,"Economic,Negotiation,Political,Abstract Strategy,Medieval,Ancient"
113294,"Economic,Negotiation,Political,Abstract Strategy,Medieval,Card Game,Fantasy,Exploration,Ancient"
203416,"Card Game,Fantasy,Abstract Strategy,Medieval,Ancient,Economic,Negotiation,Political,Civilization,Nautical"
20963,"Card Game,Fantasy,Exploration,Civilization,Nautical,Abstract Strategy,Medieval"
100423,"Economic,Negotiation,Political,Ancient,Card Game,Fantasy,Abstract Strategy,Medieval"
123540,"Economic,Negotiation,Political,Card Game,Fantasy,Abstract Strategy,Medieval,Territory Building,Ancient"
3307,"Abstract Strategy,Medieval"
171499,"Economic,Negotiation,Political,Abstract Strategy,Ancient,Exploration"
265402,"Card Game,Fantasy,Civilization,Nautical,Economic,Territory Building,Ancient"
162007,"Economic,Negotiation,Political,Civilization,Nautical,Card Game,Fantasy,Abstract Strategy"
258036,"Card Game,Fantasy,Economic,Territory Building,Civilization,Abstract Strategy,Medieval,Nautical"
15364,"Economic,Negotiation,Political,Territory Building,Abstract Strategy,Medieval,Civilization,Nautical,Ancient"
213893,"Card Game,Fantasy,Economic,Negotiation,Political,Abstract Strategy,Medieval,Civilization,Exploration"
146278,"Economic,Negotiation,Political,Ancient,Civilization,Nautical,Card Game,Fantasy,Abstract Strategy"
9823,"Exploration,Civilization,Fantasy,Card Game,Abstract Strategy,Medieval"
154825,"Economic,Negotiation,Political,Territory Building,Ancient,Civilization,Fantasy,Card Game"
264055,"Card Game,Fantasy,Civilization,Nautical,Ancient,Economic,Territory Building"
72321,"Abstract Strategy,Card Game,Fantasy,Medieval,Economic,Negotiation,Political"
699,"Civilization,Nautical,Exploration"
193558,"Economic,Negotiation,Political,Exploration,Abstract Strategy,Medieval,Territory Building,Civilization,Fantasy"
269511,"Card Game,Fantasy,Civilization,Nautical,Exploration,Economic,Territory Building,Negotiation,Political"
143741,"Economic,Negotiation,Political,Ancient,Abstract Strategy,Medieval"
242574,"Card Game,Fantasy,Ancient,Economic,Territory Building,Abstract Strategy"
68425,"Civilization,Nautical,Fantasy,Ancient,Card Game,Economic,Territory Building"
168584,"Economic,Negotiation,Political,Civilization,Nautical,Fantasy,Territory Building,Ancient"
284435,"Card Game,Fantasy,Civilization,Ancient,Abstract Strategy,Medieval,Economic,Territory Building"
586,"Economic,Territory Building,Civilization,Fantasy,Nautical"
73761,"Abstract Strategy,Medieval,Civilization,Nautical,Economic,Negotiation,Political"
170624,"Economic,Negotiation,Political,Abstract Strategy,Civilization,Nautical,Card Game,Fantasy,Ancient"
232219,"Card Game,Fantasy,Abstract Strategy,Medieval,Economic,Negotiation,Political,Exploration"
36235,"Abstract Strategy,Medieval,Civilization,Nautical,Card Game,Fantasy,Economic,Territory Building"
156336,"Economic,Negotiation,Political,Territory Building,Civilization,Nautical,Abstract Strategy,Medieval"
432,"Ancient,Abstract Strategy,Medieval,Card Game,Fantasy"
163839,"Economic,Negotiation,Political,Civilization,Nautical,Abstract Strategy,Medieval,Fantasy,Exploration"
173442,"Economic,Negotiation,Political,Abstract Strategy,Medieval,Ancient,Card Game,Fantasy"
2163,"Card Game,Fantasy,Economic,Negotiation,Political,Civilization,Nautical,Abstract Strategy,Medieval"
29603,"Card Game,Fantasy,Exploration,Civilization,Nautical,Abstract Strategy,Medieval"
2955,"Card Game,Fantasy,Exploration,Economic,Territory Building"
22345,"Card Game,Fantasy,Abstract Strategy,Medieval,Ancient,Economic,Territory Building"
55600,"Economic,Territory Building,Civilization,Nautical"
153016,"Economic,Negotiation,Political,Territory Building,Abstract Strategy,Medieval,Civilization,Nautical"
179803,"Economic,Negotiation,Political,Abstract Strategy,Exploration,Civilization,Fantasy,Medieval"
31563,"Abstract Strategy,Medieval,Economic,Negotiation,Political,Territory Building,Civilization,Nautical"
192457,"Economic,Negotiation,Political,Exploration,Card Game,Fantasy,Ancient,Territory Building,Abstract Strategy"
167400,"Economic,Negotiation,Political,Civilization,Nautical,Abstract Strategy,Ancient"
226320,"Card Game,Fantasy,Civilization,Nautical,Abstract Strategy,Medieval"
165401,"Economic,Negotiation,Political,Civilization,Nautical,Territory Building,Ancient"
168435,"Economic,Negotiation,Political,Civilization,Nautical,Fantasy,Ancient,Abstract Strategy,Medieval,Territory Building"
137988,"Economic,Negotiation,Political,Abstract Strategy,Medieval,Exploration,Civilization,Fantasy"
7717,"Abstract Strategy,Economic,Negotiation,Political"
87890,"Civilization,Fantasy,Abstract Strategy,Exploration"
69789,"Civilization,Nautical,Exploration,Abstract Strategy,Fantasy"
143515,"Economic,Negotiation,Political,Ancient,Abstract Strategy,Medieval,Territory Building"
132018,"Economic,Negotiation,Political,Abstract Strategy,Medieval,Card Game,Fantasy,Civilization"
266121,"Card Game,Fantasy,Civilization,Nautical,Economic,Negotiation,Political"
244228,"Card Game,Fantasy,Ancient,Civilization"
241724,"Card Game,Fantasy,Ancient,Economic,Negotiation,Political,Abstract Strategy"
79127,"Abstract Strategy,Exploration,Economic,Negotiation,Political,Card Game,Fantasy"
43528,"Ancient,Abstract Strategy,Medieval,Economic,Territory Building,Card Game,Fantasy,Civilization"
71721,"Abstract Strategy,Economic,Negotiation,Political,Card Game,Fantasy"
201825,"Card Game,Fantasy,Economic,Negotiation,Political,Civilization,Territory Building"
483,"Ancient,Civilization,Fantasy,Abstract Strategy,Medieval"
214880,"Card Game,Fantasy,Economic,Negotiation,Political,Ancient,Civilization"
26997,"Card Game,Fantasy,Civilization,Nautical,Exploration,Abstract Strategy"
227224,"Card Game,Fantasy,Abstract Strategy,Ancient"
156943,"Economic,Negotiation,Political,Territory Building,Civilization,Nautical,Exploration,Ancient,Abstract Strategy,Medieval"
2398,"Card Game,Fantasy,Abstract Strategy,Medieval,Exploration,Civilization"
158889,"Economic,Negotiation,Political,Territory Building,Civilization,Fantasy,Exploration"
220520,"Card Game,Fantasy,Economic,Territory Building"
285192,"Card Game,Fantasy,Civilization,Economic,Territory Building,Negotiation,Political,Exploration"
247367,"Card Game,Fantasy,Ancient,Abstract Strategy,Medieval,Civilization,Nautical"
256382,"Card Game,Fantasy,Economic,Territory Building,Civilization,Nautical,Abstract Strategy,Medieval"
47185,"Ancient,Abstract Strategy,Economic,Negotiation,Political,Civilization,Fantasy,Territory Building"
200147,"Card Game,Fantasy,Economic,Negotiation,Political,Ancient,Abstract Strategy"
242639,"Card Game,Fantasy,Ancient,Civilization,Nautical,Abstract Strategy,Medieval,Exploration"
183840,"Economic,Negotiation,Political,Civilization,Fantasy,Abstract Strategy,Medieval,Ancient"
110277,"Economic,Negotiation,Political,Card Game,Fantasy,Abstract Strategy"
233247,"Card Game,Fantasy,Abstract Strategy,Medieval,Ancient"
20100,"Card Game,Fantasy,Economic,Negotiation,Political"
270970,"Card Game,Fantasy,Abstract Strategy,Exploration"
231581,"Card Game,Fantasy,Abstract Strategy,Medieval,Economic,Negotiation,Political,Territory Building,Civilization"
160499,"Economic,Negotiation,Political,Civilization,Nautical,Ancient,Exploration"
169654,"Economic,Negotiation,Political,Civilization,Nautical,Exploration,Territory Building,Ancient"
162286,"Economic,Negotiation,Political,Civilization,Nautical,Card Game,Fantasy"
38996,"Abstract Strategy,Medieval,Civilization,Fantasy,Exploration,Nautical"
170416,"Economic,Negotiation,Political,Abstract Strategy,Ancient,Civilization,Nautical"
203417,"Card Game,Fantasy,Abstract Strategy,Medieval,Ancient,Economic,Negotiation,Political"
21882,"Card Game,Fantasy,Economic,Negotiation,Political,Civilization"
131287,"Economic,Negotiation,Political,Abstract Strategy,Medieval,Card Game,Fantasy,Civilization"
249381,"Card Game,Fantasy,Ancient,Exploration,Abstract Strategy,Medieval,Civilization,Economic,Negotiation,Political"
91872,"Exploration,Economic,Negotiation,Political,Civilization,Fantasy,Abstract Strategy,Card Game"
190082,"Economic,Negotiation,Political,Exploration,Civilization,Fantasy,Card Game"
24800,"Card Game,Fantasy,Ancient,Civilization"
135779,"Economic,Negotiation,Political,Abstract Strategy,Medieval,Territory Building,Exploration"
41002,"Ancient,Economic,Negotiation,Political,Card Game,Fantasy"
244992,"Card Game,Fantasy,Ancient,Exploration"
1035,"Economic,Negotiation,Political,Abstract Strategy,Medieval,Territory Building"
2453,"Card Game,Fantasy,Ancient,Economic,Territory Building,Abstract Strategy,Medieval"
30957,"Abstract Strategy,Medieval,Exploration,Economic,Territory Building"
18098,"Economic,Negotiation,Political,Civilization,Fantasy,Exploration"
40628,"Ancient,Civilization,Nautical,Card Game,Fantasy"
148575,"Economic,Negotiation,Political,Ancient,Civilization,Fantasy,Territory Building,Abstract Strategy"
177590,"Economic,Negotiation,Political,Abstract Strategy,Territory Building,Exploration"
117915,"Economic,Negotiation,Political,Abstract Strategy,Exploration,Territory Building"
171273,"Economic,Negotiation,Political,Abstract Strategy,Card Game,Fantasy,Medieval"
163602,"Economic,Negotiation,Political,Civilization,Nautical,Abstract Strategy,Medieval,Card Game,Fantasy"
296912,"Card Game,Fantasy,Exploration,Civilization,Nautical,Economic,Negotiation,Political"
156566,"Economic,Negotiation,Political,Territory Building,Civilization,Nautical"
179275,"Economic,Negotiation,Political,Abstract Strategy,Exploration,Card Game,Fantasy,Territory Building"
12002,"Economic,Negotiation,Political,Card Game,Fantasy"
169427,"Economic,Negotiation,Political,Civilization,Nautical,Exploration,Ancient,Card Game,Fantasy,Abstract Strategy"
181687,"Economic,Negotiation,Political,Civilization,Fantasy,Nautical,Abstract Strategy"
230244,"Card Game,Fantasy,Abstract Strategy,Medieval,Ancient"
224597,"Card Game,Fantasy,Ancient,Economic,Territory Building,Exploration,Abstract Strategy"
28181,"Card Game,Fantasy,Civilization,Economic,Negotiation,Political"
166384,"Economic,Negotiation,Political,Civilization,Nautical,Abstract Strategy,Medieval,Fantasy,Ancient"
113997,"Economic,Negotiation,Political,Abstract Strategy,Medieval,Exploration"
244115,"Card Game,Fantasy,Ancient,Economic,Negotiation,Political,Territory Building"
12962,"Economic,Negotiation,Political,Card Game,Fantasy,Exploration,Civilization,Nautical"
528,"Economic,Territory Building,Card Game,Fantasy,Civilization"
255692,"Card Game,Fantasy,Economic,Territory Building,Civilization,Nautical,Exploration"
191051,"Economic,Negotiation,Political,Exploration,Territory Building"
277085,"Card Game,Fantasy,Abstract Strategy,Civilization,Economic,Territory Building"
145659,"Economic,Negotiation,Political,Ancient,Territory Building,Civilization,Nautical,Exploration"
103886,"Economic,Negotiation,Political,Abstract Strategy,Medieval,Civilization,Fantasy,Nautical"
137269,"Economic,Negotiation,Political,Abstract Strategy,Medieval,Card Game,Fantasy,Civilization,Nautical,Exploration"
35570,"Abstract Strategy,Medieval,Economic,Territory Building"
161417,"Economic,Negotiation,Political,Civilization,Nautical,Ancient,Abstract Strategy"
214887,"Card Game,Fantasy,Economic,Negotiation,Political,Ancient,Civilization,Abstract Strategy"
204516,"Card Game,Fantasy,Ancient,Economic,Territory Building,Negotiation,Political,Civilization,Nautical"
158435,"Economic,Negotiation,Political,Territory Building,Civilization,Fantasy,Ancient,Abstract Strategy,Medieval"
12891,"Economic,Negotiation,Political,Card Game,Fantasy,Civilization,Exploration"
194879,"Economic,Negotiation,Political,Exploration,Ancient,Civilization,Fantasy,Abstract Strategy"
197443,"Economic,Negotiation,Political,Exploration,Abstract Strategy,Ancient,Medieval"
45,"Ancient,Economic,Territory Building"
94,"Exploration,Ancient"
139898,"Economic,Negotiation,Political,Abstract Strategy,Medieval,Exploration,Civilization,Fantasy"
51,"Economic,Territory Building,Negotiation,Political"
12902,"Economic,Negotiation,Political,Card Game,Fantasy,Exploration"
119788,"Economic,Negotiation,Political,Exploration,Abstract Strategy,Civilization,Fantasy"
41066,"Ancient,Economic,Negotiation,Political,Civilization,Nautical"
82421,"Civilization,Fantasy,Card Game,Ancient,Economic,Negotiation,Political"
132028,"Economic,Negotiation,Political,Abstract Strategy,Medieval,Card Game,Fantasy,Civilization"
251678,"Card Game,Fantasy,Economic,Territory Building,Negotiation,Political,Civilization,Nautical,Abstract Strategy"
198830,"Economic,Negotiation,Political,Exploration,Civilization,Fantasy,Abstract Strategy,Medieval"
155362,"Economic,Negotiation,Political,Territory Building,Abstract Strategy,Medieval,Civilization,Nautical,Card Game,Fantasy"
245961,"Card Game,Fantasy,Ancient,Economic,Territory Building,Exploration,Civilization,Nautical,Negotiation,Political"
218333,"Card Game,Fantasy,Economic,Negotiation,Political,Civilization,Abstract Strategy,Medieval"
156689,"Economic,Negotiation,Political,Territory Building,Civilization,Nautical,Fantasy,Exploration"
53953,"Economic,Territory Building,Abstract Strategy,Medieval,Exploration"
290236,"Card Game,Fantasy,Exploration,Abstract Strategy,Medieval,Civilization,Nautical"
271518,"Card Game,Fantasy,Abstract Strategy,Economic,Negotiation,Political,Territory Building,Civilization"
175117,"Economic,Negotiation,Political,Abstract Strategy,Territory Building"
26566,"Card Game,Fantasy,Civilization,Nautical,Economic,Territory Building"
82420,"Civilization,Fantasy,Card Game,Ancient"
1041,"Economic,Negotiation,Political,Ancient"
154458,"Economic,Negotiation,Political,Territory Building,Ancient,Civilization,Fantasy"
29368,"Card Game,Fantasy,Exploration,Abstract Strategy,Medieval,Civilization,Nautical"
217780,"Card Game,Fantasy,Economic,Negotiation,Political,Abstract Strategy,Civilization"
8125,"Civilization,Fantasy,Economic,Negotiation,Political,Card Game,Territory Building"
252153,"Card Game,Fantasy,Economic,Territory Building,Negotiation,Political,Abstract Strategy,Medieval"
234671,"Card Game,Fantasy,Abstract Strategy,Medieval,Ancient,Civilization,Nautical,Economic,Negotiation,Political"
122298,"Economic,Negotiation,Political,Card Game,Fantasy,Exploration,Civilization"
280480,"Card Game,Fantasy,Civilization,Ancient"
1345,"Economic,Negotiation,Political,Abstract Strategy,Medieval,Ancient,Territory Building"
15512,"Economic,Negotiation,Political,Territory Building,Card Game,Fantasy"
2181,"Card Game,Fantasy,Economic,Negotiation,Political,Civilization"
129948,"Economic,Negotiation,Political,Card Game,Fantasy,Exploration,Ancient,Civilization"
26990,"Card Game,Fantasy,Civilization,Nautical,Exploration"
11825,"Economic,Negotiation,Political,Civilization,Fantasy,Card Game,Territory Building"
179172,"Economic,Negotiation,Political,Abstract Strategy,Exploration,Card Game,Fantasy"
256570,"Card Game,Fantasy,Economic,Territory Building,Civilization,Nautical,Abstract Strategy"
177678,"Economic,Negotiation,Political,Abstract Strategy,Civilization,Nautical,Fantasy"
281442,"Card Game,Fantasy,Civilization,Economic,Negotiation,Political,Ancient"
151004,"Economic,Negotiation,Political,Territory Building,Ancient"
91514,"Exploration,Economic,Negotiation,Political,Territory Building,Ancient"
9440,"Exploration,Ancient"
223953,"Card Game,Fantasy,Abstract Strategy,Medieval,Exploration,Economic,Territory Building"
65244,"Civilization,Nautical,Economic,Territory Building,Card Game,Fantasy,Ancient"
239942,"Card Game,Fantasy,Abstract Strategy,Medieval,Exploration,Ancient"
202670,"Card Game,Fantasy,Civilization,Nautical,Abstract Strategy"
16747,"Economic,Negotiation,Political,Civilization,Nautical,Abstract Strategy,Ancient"
37380,"Abstract Strategy,Medieval,Civilization,Fantasy"
148319,"Economic,Negotiation,Political,Ancient,Civilization,Fantasy,Abstract Strategy,Medieval,Exploration"
41,"Ancient,Economic,Negotiation,Political"
65901,"Civilization,Nautical,Economic,Territory Building,Exploration,Negotiation,Political"
248490,"Card Game,Fantasy,Ancient,Civilization,Exploration"
176165,"Economic,Negotiation,Political,Abstract Strategy,Civilization,Nautical,Territory Building"
98229,"Exploration,Civilization,Fantasy,Card Game"
195137,"Economic,Negotiation,Political,Exploration,Territory Building,Abstract Strategy,Medieval"
303057,"Abstract Strategy,Medieval,Economic,Territory Building"
13642,"Economic,Negotiation,Political,Abstract Strategy,Medieval,Civilization,Nautical,Ancient,Card Game,Fantasy"
98351,"Exploration,Civilization,Fantasy,Abstract Strategy,Medieval,Economic,Territory Building,Negotiation,Political"
30645,"Abstract Strategy,Medieval,Civilization,Nautical,Ancient,Economic,Territory Building"
27976,"Card Game,Fantasy,Abstract Strategy,Exploration,Civilization,Nautical"
195560,"Economic,Negotiation,Political,Exploration,Territory Building,Civilization,Nautical"
66356,"Civilization,Nautical,Abstract Strategy,Medieval,Economic,Territory Building"
108784,"Economic,Negotiation,Political,Civilization,Fantasy,Abstract Strategy,Ancient"
319966,"Abstract Strategy,Medieval,Economic,Negotiation,Political,Exploration,Civilization,Nautical"
191977,"Economic,Negotiation,Political,Exploration,Abstract Strategy"
108906,"Economic,Negotiation,Political,Civilization,Fantasy,Exploration,Nautical"
491,"Ancient,Exploration,Economic,Negotiation,Political"
106217,"Economic,Negotiation,Political,Civilization,Nautical,Card Game,Fantasy,Abstract Strategy"
172047,"Economic,Negotiation,Political,Abstract Strategy,Card Game,Fantasy,Ancient"
207243,"Card Game,Fantasy,Abstract Strategy,Ancient,Medieval"
240,"Card Game,Fantasy,Ancient"
160851,"Economic,Negotiation,Political,Civilization,Nautical,Fantasy,Territory Building"
239464,"Card Game,Fantasy,Abstract Strategy,Medieval,Exploration,Ancient,Civilization,Nautical"
1465,"Economic,Negotiation,Political,Ancient,Civilization,Nautical,Territory Building"
291572,"Card Game,Fantasy,Exploration,Economic,Negotiation,Political,Territory Building,Abstract Strategy"
202408,"Card Game,Fantasy,Ancient,Civilization"
301880,"Abstract Strategy,Medieval,Economic,Negotiation,Political,Civilization,Fantasy"
201921,"Card Game,Fantasy,Economic,Negotiation,Political,Exploration"
52461,"Economic,Territory Building,Card Game,Fantasy,Ancient,Civilization,Nautical,Negotiation,Political"
180593,"Economic,Negotiation,Political,Civilization,Fantasy,Territory Building,Exploration,Abstract Strategy,Medieval"
904,"Exploration,Ancient"
552,"Economic,Territory Building,Card Game,Fantasy"
8051,"Civilization,Fantasy,Economic,Territory Building,Negotiation,Political"
258210,"Card Game,Fantasy,Economic,Territory Building,Civilization,Negotiation,Political"
206480,"Card Game,Fantasy,Civilization,Nautical,Ancient"
234477,"Card Game,Fantasy,Abstract Strategy,Medieval,Ancient"
227460,"Card Game,Fantasy,Abstract Strategy,Ancient,Civilization,Nautical"
131260,"Economic,Negotiation,Political,Abstract Strategy,Medieval,Card Game,Fantasy,Civilization,Nautical"
169124,"Economic,Negotiation,Political,Civilization,Nautical,Exploration,Card Game,Fantasy,Ancient"
207830,"Card Game,Fantasy,Abstract Strategy,Civilization,Medieval"
216459,"Card Game,Fantasy,Economic,Negotiation,Political,Civilization,Nautical,Ancient,Territory Building,Exploration"
2093,"Card Game,Fantasy,Exploration,Abstract Strategy,Medieval"
27588,"Card Game,Fantasy,Abstract Strategy,Economic,Territory Building,Civilization"
147151,"Economic,Negotiation,Political,Ancient,Abstract Strategy,Territory Building"
274638,"Card Game,Fantasy,Abstract Strategy,Ancient,Civilization,Nautical,Medieval"
59946,"Economic,Territory Building,Exploration,Ancient,Civilization,Nautical"
284760,"Card Game,Fantasy,Civilization,Ancient,Abstract Strategy,Nautical"
266830,"Card Game,Fantasy,Civilization,Nautical,Abstract Strategy,Medieval"
216600,"Card Game,Fantasy,Economic,Negotiation,Political,Civilization,Nautical"
38054,"Abstract Strategy,Medieval,Civilization,Fantasy,Economic,Territory Building,Ancient"
244608,"Card Game,Fantasy,Ancient,Civilization,Nautical"
203427,"Card Game,Fantasy,Abstract Strategy,Medieval,Ancient"
204472,"Card Game,Fantasy,Ancient,Abstract Strategy"
218479,"Card Game,Fantasy,Economic,Negotiation,Political,Civilization,Ancient,Abstract Strategy,Exploration"
95064,"Exploration,Economic,Territory Building,Civilization,Nautical,Ancient"
69779,"Civilization,Nautical,Exploration,Abstract Strategy"
158275,"Economic,Negotiation,Political,Territory Building,Civilization,Fantasy,Card Game,Abstract Strategy"
272738,"Card Game,Fantasy,Abstract Strategy,Medieval,Civilization"
220517,"Card Game,Fantasy,Economic,Territory Building,Negotiation,Political,Abstract Strategy"
125678,"Economic,Negotiation,Political,Card Game,Fantasy,Territory Building,Civilization,Nautical,Abstract Strategy"
171669,"Economic,Negotiation,Political,Abstract Strategy,Civilization,Nautical,Exploration"
218121,"Card Game,Fantasy,Economic,Negotiation,Political,Civilization"
554,"Economic,Territory Building,Ancient"
298069,"Card Game,Fantasy,Exploration,Civilization,Nautical"
174570,"Economic,Negotiation,Political,Abstract Strategy,Ancient,Territory Building"
193214,"Economic,Negotiation,Political,Exploration,Abstract Strategy,Medieval,Card Game,Fantasy,Ancient"
19600,"Economic,Negotiation,Political,Exploration,Civilization,Nautical"
214029,"Card Game,Fantasy,Economic,Negotiation,Political,Ancient,Exploration"
154086,"Economic,Negotiation,Political,Territory Building,Ancient,Civilization,Fantasy,Nautical"
939,"Exploration,Abstract Strategy,Medieval"
219215,"Card Game,Fantasy,Economic,Negotiation,Political,Exploration,Territory Building"
212402,"Card Game,Fantasy,Economic,Negotiation,Political,Ancient"
56692,"Economic,Territory Building,Civilization,Nautical,Exploration,Card Game,Fantasy"
180680,"Economic,Negotiation,Political,Civilization,Fantasy,Nautical"
161866,"Economic,Negotiation,Political,Civilization,Nautical,Fantasy"
66505,"Civilization,Nautical,Economic,Territory Building"
165838,"Economic,Negotiation,Political,Civilization,Nautical,Territory Building,Fantasy,Abstract Strategy,Medieval"
25669,"Card Game,Fantasy,Economic,Territory Building,Civilization,Nautical,Exploration"
131646,"Economic,Negotiation,Political,Abstract Strategy,Medieval,Civilization,Nautical,Ancient"
224,"Card Game,Fantasy,Ancient"
283863,"Card Game,Fantasy,Civilization,Abstract Strategy,Medieval,Nautical"
72225,"Abstract Strategy,Card Game,Fantasy,Economic,Territory Building"
72287,"Abstract Strategy,Card Game,Fantasy,Civilization"
200077,"Card Game,Fantasy,Abstract Strategy"
178336,"Economic,Negotiation,Political,Abstract Strategy,Civilization,Fantasy,Medieval,Nautical"
207691,"Card Game,Fantasy,Abstract Strategy,Civilization,Nautical,Exploration,Economic,Negotiation,Political"
244114,"Card Game,Fantasy,Ancient,Economic,Negotiation,Political"
168917,"Economic,Negotiation,Political,Civilization,Nautical,Fantasy,Exploration,Abstract Strategy"
182340,"Economic,Negotiation,Political,Civilization,Fantasy,Card Game,Abstract Strategy,Medieval,Ancient"
197405,"Economic,Negotiation,Political,Exploration,Abstract Strategy,Ancient,Territory Building"
150999,"Economic,Negotiation,Political,Territory Building,Exploration"
238992,"Card Game,Fantasy,Abstract Strategy,Medieval,Civilization,Exploration"
85897,"Civilization,Fantasy,Economic,Territory Building,Exploration,Abstract Strategy"
204027,"Card Game,Fantasy,Ancient,Abstract Strategy"
15817,"Economic,Negotiation,Political,Territory Building,Civilization,Fantasy,Abstract Strategy"
156776,"Economic,Negotiation,Political,Territory Building,Civilization,Nautical,Abstract Strategy"
198740,"Economic,Negotiation,Political,Exploration,Civilization,Fantasy,Abstract Strategy,Ancient"
242804,"Card Game,Fantasy,Ancient,Civilization"
104710,"Economic,Negotiation,Political,Ancient,Abstract Strategy"
275467,"Card Game,Fantasy,Abstract Strategy,Economic,Territory Building,Ancient,Civilization,Nautical"
235488,"Card Game,Fantasy,Abstract Strategy,Medieval,Economic,Territory Building,Ancient,Civilization"
104363,"Economic,Negotiation,Political,Ancient,Abstract Strategy,Medieval,Civilization,Nautical"
245643,"Card Game,Fantasy,Ancient,Economic,Territory Building,Civilization,Nautical,Abstract Strategy,Medieval"
89409,"Civilization,Fantasy,Exploration,Ancient"
157403,"Economic,Negotiation,Political,Territory Building,Abstract Strategy,Ancient,Medieval"
230080,"Card Game,Fantasy,Abstract Strategy,Medieval,Civilization"
160018,"Economic,Negotiation,Political,Civilization,Nautical,Fantasy"
66056,"Civilization,Nautical,Economic,Territory Building"
244331,"Card Game,Fantasy,Ancient,Abstract Strategy,Medieval,Economic,Negotiation,Political"
200954,"Card Game,Fantasy,Exploration,Economic,Territory Building,Ancient"
185589,"Economic,Negotiation,Political,Civilization,Fantasy,Territory Building,Exploration"
222514,"Card Game,Fantasy,Economic,Territory Building,Negotiation,Political,Ancient"
112,"Economic,Negotiation,Political,Card Game,Fantasy"
1301,"Economic,Negotiation,Political,Abstract Strategy,Medieval"
141517,"Economic,Negotiation,Political,Ancient,Territory Building,Abstract Strategy"
248065,"Card Game,Fantasy,Ancient,Civilization,Nautical,Economic,Territory Building"
157809,"Economic,Negotiation,Political,Territory Building,Abstract Strategy,Civilization,Fantasy,Exploration"
210296,"Card Game,Fantasy,Economic,Negotiation,Political,Exploration,Civilization,Nautical"
1382,"Economic,Negotiation,Political,Abstract Strategy,Medieval,Civilization,Fantasy,Card Game"
75449,"Abstract Strategy,Economic,Territory Building,Ancient,Exploration"
45986,"Ancient,Economic,Territory Building,Exploration,Civilization,Fantasy,Nautical"
22825,"Card Game,Fantasy,Civilization,Economic,Territory Building"
284742,"Card Game,Fantasy,Civilization,Ancient,Abstract Strategy"
171233,"Economic,Negotiation,Political,Abstract Strategy,Card Game,Fantasy,Medieval"
60,"Civilization,Nautical"
198454,"Economic,Negotiation,Political,Exploration,Civilization,Fantasy,Ancient,Territory Building"
1822,"Economic,Negotiation,Political,Civilization,Fantasy,Card Game"
253284,"Card Game,Fantasy,Economic,Territory Building,Abstract Strategy,Medieval,Civilization,Ancient"
8203,"Civilization,Fantasy,Card Game,Abstract Strategy,Medieval"
136991,"Economic,Negotiation,Political,Abstract Strategy,Medieval,Civilization,Nautical,Exploration"
283864,"Card Game,Fantasy,Civilization,Abstract Strategy,Medieval,Nautical,Ancient"
191231,"Economic,Negotiation,Political,Exploration,Card Game,Fantasy,Abstract Strategy,Medieval"
196526,"Economic,Negotiation,Political,Exploration,Civilization,Nautical,Territory Building,Card Game,Fantasy"
217449,"Card Game,Fantasy,Economic,Negotiation,Political,Abstract Strategy,Ancient,Exploration"
130176,"Economic,Negotiation,Political,Abstract Strategy,Medieval,Civilization,Nautical"
127518,"Economic,Negotiation,Political,Card Game,Fantasy,Abstract Strategy,Territory Building,Civilization"
199966,"Economic,Negotiation,Political,Exploration,Civilization,Nautical"
6830,"Civilization,Nautical,Fantasy,Abstract Strategy,Medieval"
97903,"Exploration,Abstract Strategy,Medieval"
55427,"Economic,Territory Building,Ancient,Card Game,Fantasy,Abstract Strategy"
177524,"Economic,Negotiation,Political,Abstract Strategy,Territory Building,Card Game,Fantasy,Ancient"
229892,"Card Game,Fantasy,Exploration,Civilization"
25568,"Card Game,Fantasy,Economic,Territory Building,Civilization,Nautical"
218509,"Card Game,Fantasy,Economic,Negotiation,Political,Civilization,Territory Building,Exploration"
40793,"Ancient,Abstract Strategy,Exploration,Medieval"
279613,"Card Game,Fantasy,Abstract Strategy,Exploration,Civilization,Nautical,Economic,Negotiation,Political,Medieval"
163154,"Economic,Negotiation,Political,Civilization,Nautical,Abstract Strategy,Medieval,Territory Building,Ancient"
164949,"Economic,Negotiation,Political,Civilization,Nautical,Ancient,Exploration"
35052,"Abstract Strategy,Medieval,Economic,Territory Building,Card Game,Fantasy"
227515,"Card Game,Fantasy,Abstract Strategy,Economic,Territory Building,Negotiation,Political"
195314,"Economic,Negotiation,Political,Exploration,Territory Building,Abstract Strategy,Medieval,Ancient"
67492,"Civilization,Nautical,Abstract Strategy,Ancient,Exploration,Card Game,Fantasy"
823,"Civilization,Fantasy,Card Game,Abstract Strategy,Medieval"
122522,"Economic,Negotiation,Political,Card Game,Fantasy,Territory Building"
35497,"Abstract Strategy,Medieval,Economic,Territory Building,Ancient,Exploration"
254386,"Card Game,Fantasy,Economic,Territory Building,Ancient,Abstract Strategy,Medieval,Civilization,Nautical"
135382,"Economic,Negotiation,Political,Abstract Strategy,Medieval,Territory Building,Civilization,Fantasy,Card Game"
18100,"Economic,Negotiation,Political,Civilization,Fantasy"
244654,"Card Game,Fantasy,Ancient,Civilization,Nautical,Economic,Territory Building"
551,"Economic,Territory Building,Negotiation,Political"
197070,"Economic,Negotiation,Political,Exploration,Abstract Strategy"
283393,"Card Game,Fantasy,Civilization,Abstract Strategy,Medieval,Exploration"
153065,"Economic,Negotiation,Political,Territory Building,Abstract Strategy,Medieval,Civilization,Nautical"
91536,"Exploration,Economic,Negotiation,Political,Territory Building,Abstract Strategy,Medieval,Civilization,Nautical"
221,"Card Game,Fantasy,Economic,Negotiation,Political"
21523,"Card Game,Fantasy,Economic,Negotiation,Political,Territory Building,Abstract Strategy,Medieval"
159473,"Economic,Negotiation,Political,Territory Building,Exploration,Ancient,Abstract Strategy,Medieval"
23540,"Card Game,Fantasy,Abstract Strategy,Medieval,Economic,Territory Building,Ancient"
194880,"Economic,Negotiation,Political,Exploration,Ancient,Civilization,Fantasy"
217861,"Card Game,Fantasy,Economic,Negotiation,Political,Abstract Strategy,Civilization,Nautical"
306040,"Abstract Strategy,Medieval,Civilization,Nautical,Ancient"
228504,"Card Game,Fantasy,Civilization,Economic,Territory Building,Ancient"
152162,"Economic,Negotiation,Political,Territory Building,Card Game,Fantasy,Civilization,Nautical"
71671,"Abstract Strategy,Economic,Negotiation,Political,Civilization,Nautical"
142326,"Economic,Negotiation,Political,Ancient,Card Game,Fantasy,Abstract Strategy,Medieval,Civilization,Nautical"
1608,"Economic,Negotiation,Political,Civilization,Nautical,Fantasy"
164265,"Economic,Negotiation,Political,Civilization,Nautical,Ancient,Card Game,Fantasy,Territory Building"
134352,"Economic,Negotiation,Political,Abstract Strategy,Medieval,Ancient,Territory Building,Card Game,Fantasy"
229265,"Card Game,Fantasy,Exploration,Civilization,Nautical,Economic,Territory Building"
285984,"Card Game,Fantasy,Civilization,Economic,Territory Building,Exploration,Ancient"
1634,"Economic,Negotiation,Political,Civilization,Nautical,Abstract Strategy,Medieval,Ancient"
94246,"Exploration,Ancient,Card Game,Fantasy,Civilization,Nautical"
5737,"Economic,Territory Building,Abstract Strategy,Medieval"
68264,"Civilization,Nautical,Fantasy,Card Game,Ancient"
183571,"Economic,Negotiation,Political,Civilization,Fantasy,Abstract Strategy,Medieval,Territory Building"
182694,"Economic,Negotiation,Political,Civilization,Fantasy,Card Game,Nautical,Exploration,Ancient"
156091,"Economic,Negotiation,Political,Territory Building,Civilization,Nautical,Exploration"
207336,"Card Game,Fantasy,Abstract Strategy,Medieval,Civilization,Nautical"
8045,"Civilization,Fantasy,Ancient,Economic,Territory Building"
223750,"Card Game,Fantasy,Abstract Strategy,Medieval,Economic,Territory Building"
184151,"Economic,Negotiation,Political,Civilization,Fantasy,Ancient,Territory Building"
137649,"Economic,Negotiation,Political,Abstract Strategy,Medieval,Civilization,Nautical,Ancient,Exploration"
316377,"Abstract Strategy,Medieval,Economic,Negotiation,Political,Civilization,Nautical"
175324,"Economic,Negotiation,Political,Abstract Strategy,Territory Building,Medieval,Card Game,Fantasy,Ancient"
218074,"Card Game,Fantasy,Economic,Negotiation,Political,Civilization,Abstract Strategy,Ancient"
17329,"Economic,Negotiation,Political,Abstract Strategy,Medieval,Card Game,Fantasy,Exploration"
216092,"Card Game,Fantasy,Economic,Negotiation,Political,Civilization,Nautical,Exploration"
145639,"Economic,Negotiation,Political,Ancient,Territory Building,Civilization,Nautical,Abstract Strategy,Medieval,Exploration"
264052,"Card Game,Fantasy,Civilization,Nautical,Ancient,Economic,Territory Building"
176544,"Economic,Negotiation,Political,Abstract Strategy,Civilization,Nautical,Territory Building,Ancient"
95103,"Exploration,Economic,Territory Building,Negotiation,Political,Abstract Strategy,Medieval"
124,"Economic,Negotiation,Political,Card Game,Fantasy,Ancient"
146312,"Economic,Negotiation,Political,Ancient,Civilization,Nautical,Abstract Strategy,Medieval,Card Game,Fantasy"
16992,"Economic,Negotiation,Political,Civilization,Nautical,Exploration,Card Game,Fantasy"
27364,"Card Game,Fantasy,Abstract Strategy,Medieval,Civilization,Nautical,Ancient"
24068,"Card Game,Fantasy,Ancient,Civilization,Nautical"
221318,"Card Game,Fantasy,Economic,Negotiation,Political,Abstract Strategy,Medieval,Civilization"
327,"Abstract Strategy,Medieval,Card Game,Fantasy"
183880,"Economic,Negotiation,Political,Civilization,Fantasy,Abstract Strategy,Medieval"
187377,"Economic,Negotiation,Political,Civilization,Fantasy,Abstract Strategy,Medieval"
44163,"Ancient,Economic,Negotiation,Political,Civilization,Nautical,Abstract Strategy,Medieval"
17396,"Economic,Negotiation,Political,Abstract Strategy,Medieval,Exploration,Civilization,Nautical"
833,"Civilization,Fantasy,Abstract Strategy,Medieval"
121410,"Economic,Negotiation,Political,Card Game,Fantasy,Ancient"
191300,"Economic,Negotiation,Political,Exploration,Abstract Strategy,Medieval"
175199,"Economic,Negotiation,Political,Abstract Strategy,Territory Building,Exploration"
161882,"Economic,Negotiation,Political,Civilization,Nautical,Fantasy,Card Game"
242684,"Card Game,Fantasy,Ancient,Civilization,Nautical"
37836,"Abstract Strategy,Medieval,Civilization,Fantasy,Nautical"
34084,"Abstract Strategy,Medieval,Ancient,Civilization,Fantasy"
37628,"Abstract Strategy,Medieval,Civilization,Nautical,Card Game,Fantasy"
247236,"Card Game,Fantasy,Ancient,Abstract Strategy,Medieval,Civilization,Nautical"
104020,"Economic,Negotiation,Political,Ancient,Card Game,Fantasy"
151007,"Economic,Negotiation,Political,Territory Building,Abstract Strategy"
681,"Civilization,Nautical,Fantasy,Economic,Negotiation,Political"
208024,"Card Game,Fantasy,Civilization,Ancient"
91080,"Exploration,Economic,Negotiation,Political,Civilization,Fantasy"
195162,"Economic,Negotiation,Political,Exploration,Territory Building,Civilization,Nautical,Card Game,Fantasy"
272739,"Card Game,Fantasy,Abstract Strategy,Medieval,Exploration"
163642,"Economic,Negotiation,Political,Civilization,Nautical,Abstract Strategy,Medieval,Ancient,Card Game,Fantasy"
290359,"Card Game,Fantasy,Exploration,Abstract Strategy,Medieval,Economic,Territory Building"
230933,"Card Game,Fantasy,Abstract Strategy,Medieval,Exploration"
176371,"Economic,Negotiation,Political,Abstract Strategy,Civilization,Nautical,Medieval"
300877,"Abstract Strategy,Medieval,Civilization,Fantasy"
154246,"Economic,Negotiation,Political,Territory Building,Ancient,Card Game,Fantasy,Civilization,Nautical"
140933,"Economic,Negotiation,Political,Ancient,Exploration,Abstract Strategy,Medieval"
8989,"Civilization,Fantasy,Exploration"
234669,"Card Game,Fantasy,Abstract Strategy,Medieval,Ancient,Civilization,Nautical,Exploration"
181796,"Economic,Negotiation,Political,Civilization,Fantasy,Abstract Strategy,Exploration,Nautical"
278,"Card Game,Fantasy,Abstract Strategy,Civilization"
50768,"Economic,Territory Building,Abstract Strategy,Civilization,Nautical,Fantasy"
121297,"Economic,Negotiation,Political,Card Game,Fantasy,Exploration,Abstract Strategy"
329465,"Abstract Strategy,Medieval,Card Game,Fantasy,Exploration,Ancient,Civilization,Nautical,Economic,Territory Building"
204836,"Card Game,Fantasy,Ancient,Civilization,Abstract Strategy,Medieval,Nautical"
141423,"Economic,Negotiation,Political,Ancient,Card Game,Fantasy,Abstract Strategy,Medieval"
244049,"Card Game,Fantasy,Ancient,Exploration"
284818,"Card Game,Fantasy,Civilization,Ancient,Economic,Negotiation,Political"
257518,"Card Game,Fantasy,Economic,Territory Building,Abstract Strategy,Negotiation,Political,Civilization"
